Target Detail,Target Rank,Target Score,miRNA Name,Gene Symbol,Gene Description
Details,1,100,mmu-miR-200a-3p,Zbtb34,zinc finger and BTB domain containing 34
Details,2,100,mmu-miR-200a-3p,Trhde,TRH-degrading enzyme
Details,3,99,mmu-miR-200a-3p,Tcf12,transcription factor 12
Details,4,99,mmu-miR-200a-3p,Atxn1,ataxin 1
Details,5,99,mmu-miR-200a-3p,Ikzf2,IKAROS family zinc finger 2
Details,6,99,mmu-miR-200a-3p,Mbnl3,muscleblind like splicing factor 3
Details,7,99,mmu-miR-200a-3p,Astn1,astrotactin 1
Details,8,99,mmu-miR-200a-3p,Tnrc6b,trinucleotide repeat containing 6b
Details,9,99,mmu-miR-200a-3p,Myh10,"myosin, heavy polypeptide 10, non-muscle"
Details,10,98,mmu-miR-200a-3p,Myt1l,myelin transcription factor 1-like
Details,11,98,mmu-miR-200a-3p,Zyg11b,"zyg-ll family member B, cell cycle regulator"
Details,12,98,mmu-miR-200a-3p,Hcn1,"hyperpolarization-activated, cyclic nucleotide-gated K+ 1"
Details,13,98,mmu-miR-200a-3p,Crebrf,CREB3 regulatory factor
Details,14,98,mmu-miR-200a-3p,Arpc5,"actin related protein 2/3 complex, subunit 5"
Details,15,98,mmu-miR-200a-3p,Ccne2,cyclin E2
Details,16,98,mmu-miR-200a-3p,Ythdf2,YTH N6-methyladenosine RNA binding protein 2
Details,17,98,mmu-miR-200a-3p,Dmwd,dystrophia myotonica-containing WD repeat motif
Details,18,98,mmu-miR-200a-3p,Ptprg,"protein tyrosine phosphatase, receptor type, G"
Details,19,98,mmu-miR-200a-3p,Ranbp6,RAN binding protein 6
Details,20,98,mmu-miR-200a-3p,Crlf3,cytokine receptor-like factor 3
Details,21,97,mmu-miR-200a-3p,Lpar1,lysophosphatidic acid receptor 1
Details,22,97,mmu-miR-200a-3p,Tmem56,transmembrane protein 56
Details,23,97,mmu-miR-200a-3p,Wdfy3,WD repeat and FYVE domain containing 3
Details,24,97,mmu-miR-200a-3p,Nfasc,neurofascin
Details,25,97,mmu-miR-200a-3p,Zeb2,zinc finger E-box binding homeobox 2
Details,26,97,mmu-miR-200a-3p,Abhd18,abhydrolase domain containing 18
Details,27,97,mmu-miR-200a-3p,Ulk2,unc-51 like kinase 2
Details,28,97,mmu-miR-200a-3p,Pgrmc2,progesterone receptor membrane component 2
Details,29,97,mmu-miR-200a-3p,Reck,reversion-inducing-cysteine-rich protein with kazal motifs
Details,30,97,mmu-miR-200a-3p,Rheb,Ras homolog enriched in brain
Details,31,97,mmu-miR-200a-3p,Ankrd44,ankyrin repeat domain 44
Details,32,97,mmu-miR-200a-3p,Fnip2,folliculin interacting protein 2
Details,33,97,mmu-miR-200a-3p,Rsad2,radical S-adenosyl methionine domain containing 2
Details,34,97,mmu-miR-200a-3p,Dstyk,dual serine/threonine and tyrosine protein kinase
Details,35,97,mmu-miR-200a-3p,Pcdh9,protocadherin 9
Details,36,96,mmu-miR-200a-3p,Arhgef18,rho/rac guanine nucleotide exchange factor (GEF) 18
Details,37,96,mmu-miR-200a-3p,Yaf2,YY1 associated factor 2
Details,38,96,mmu-miR-200a-3p,Cpeb3,cytoplasmic polyadenylation element binding protein 3
Details,39,96,mmu-miR-200a-3p,Ttbk2,tau tubulin kinase 2
Details,40,96,mmu-miR-200a-3p,Osbpl6,oxysterol binding protein-like 6
Details,41,96,mmu-miR-200a-3p,Ppm1e,protein phosphatase 1E (PP2C domain containing)
Details,42,96,mmu-miR-200a-3p,Dr1,down-regulator of transcription 1
Details,43,96,mmu-miR-200a-3p,Zfr,zinc finger RNA binding protein
Details,44,96,mmu-miR-200a-3p,Cyth3,cytohesin 3
Details,45,96,mmu-miR-200a-3p,Gpc2,glypican 2 (cerebroglycan)
Details,46,96,mmu-miR-200a-3p,Myadm,myeloid-associated differentiation marker
Details,47,96,mmu-miR-200a-3p,Lysmd3,"LysM, putative peptidoglycan-binding, domain containing 3"
Details,48,96,mmu-miR-200a-3p,Mindy3,MINDY lysine 48 deubiquitinase 3
Details,49,96,mmu-miR-200a-3p,St3gal3,"ST3 beta-galactoside alpha-2,3-sialyltransferase 3"
Details,50,96,mmu-miR-200a-3p,Map2k4,mitogen-activated protein kinase kinase 4
Details,51,95,mmu-miR-200a-3p,Map7d1,MAP7 domain containing 1
Details,52,95,mmu-miR-200a-3p,Atrnl1,attractin like 1
Details,53,95,mmu-miR-200a-3p,Dusp3,dual specificity phosphatase 3 (vaccinia virus phosphatase VH1-related)
Details,54,95,mmu-miR-200a-3p,Nkd1,naked cuticle 1
Details,55,95,mmu-miR-200a-3p,Msantd4,Myb/SANT-like DNA-binding domain containing 4 with coiled-coils
Details,56,95,mmu-miR-200a-3p,Cfap97,cilia and flagella associated protein 97
Details,57,95,mmu-miR-200a-3p,Hnrnpf,heterogeneous nuclear ribonucleoprotein F
Details,58,95,mmu-miR-200a-3p,Pdcd10,programmed cell death 10
Details,59,95,mmu-miR-200a-3p,Cyp26b1,"cytochrome P450, family 26, subfamily b, polypeptide 1"
Details,60,95,mmu-miR-200a-3p,Kif5b,kinesin family member 5B
Details,61,95,mmu-miR-200a-3p,Stk17b,serine/threonine kinase 17b (apoptosis-inducing)
Details,62,95,mmu-miR-200a-3p,Dcp2,decapping mRNA 2
Details,63,94,mmu-miR-200a-3p,Adpgk,ADP-dependent glucokinase
Details,64,94,mmu-miR-200a-3p,C3ar1,complement component 3a receptor 1
Details,65,94,mmu-miR-200a-3p,Mbnl1,muscleblind like splicing factor 1
Details,66,94,mmu-miR-200a-3p,Klf12,Kruppel-like factor 12
Details,67,94,mmu-miR-200a-3p,Zeb1,zinc finger E-box binding homeobox 1
Details,68,94,mmu-miR-200a-3p,Ube3a,ubiquitin protein ligase E3A
Details,69,94,mmu-miR-200a-3p,Nufip2,nuclear fragile X mental retardation protein interacting protein 2
Details,70,94,mmu-miR-200a-3p,Jag1,jagged 1
Details,71,94,mmu-miR-200a-3p,Lbr,lamin B receptor
Details,72,94,mmu-miR-200a-3p,Atxn7,ataxin 7
Details,73,94,mmu-miR-200a-3p,4921524J17Rik,RIKEN cDNA 4921524J17 gene
Details,74,94,mmu-miR-200a-3p,Chd2,chromodomain helicase DNA binding protein 2
Details,75,94,mmu-miR-200a-3p,Tmem135,transmembrane protein 135
Details,76,94,mmu-miR-200a-3p,Cdk8,cyclin-dependent kinase 8
Details,77,94,mmu-miR-200a-3p,Stxbp5,syntaxin binding protein 5 (tomosyn)
Details,78,94,mmu-miR-200a-3p,Brd3,bromodomain containing 3
Details,79,93,mmu-miR-200a-3p,Tcerg1,transcription elongation regulator 1 (CA150)
Details,80,93,mmu-miR-200a-3p,Taf12,TATA-box binding protein associated factor 12
Details,81,93,mmu-miR-200a-3p,Atad2b,"ATPase family, AAA domain containing 2B"
Details,82,93,mmu-miR-200a-3p,Cdc25a,cell division cycle 25A
Details,83,93,mmu-miR-200a-3p,Tada1,transcriptional adaptor 1
Details,84,93,mmu-miR-200a-3p,Tmeff1,transmembrane protein with EGF-like and two follistatin-like domains 1
Details,85,93,mmu-miR-200a-3p,Nrp1,neuropilin 1
Details,86,93,mmu-miR-200a-3p,Tfap2c,"transcription factor AP-2, gamma"
Details,87,93,mmu-miR-200a-3p,Klhl28,kelch-like 28
Details,88,93,mmu-miR-200a-3p,Ttpal,tocopherol (alpha) transfer protein-like
Details,89,93,mmu-miR-200a-3p,Npas3,neuronal PAS domain protein 3
Details,90,93,mmu-miR-200a-3p,Hmg20a,high mobility group 20A
Details,91,93,mmu-miR-200a-3p,Mrpl17,mitochondrial ribosomal protein L17
Details,92,93,mmu-miR-200a-3p,Kif3a,kinesin family member 3A
Details,93,93,mmu-miR-200a-3p,Arfgef3,ARFGEF family member 3
Details,94,92,mmu-miR-200a-3p,Mybl1,myeloblastosis oncogene-like 1
Details,95,92,mmu-miR-200a-3p,Iqschfp,Iqcj and Schip1 fusion protein
Details,96,92,mmu-miR-200a-3p,Sipa1l2,signal-induced proliferation-associated 1 like 2
Details,97,92,mmu-miR-200a-3p,Tiam1,T cell lymphoma invasion and metastasis 1
Details,98,92,mmu-miR-200a-3p,Gucy1a1,"guanylate cyclase 1, soluble, alpha 1"
Details,99,92,mmu-miR-200a-3p,Kcng3,"potassium voltage-gated channel, subfamily G, member 3"
Details,100,92,mmu-miR-200a-3p,Klf6,Kruppel-like factor 6
Details,101,92,mmu-miR-200a-3p,Elmod1,ELMO/CED-12 domain containing 1
Details,102,92,mmu-miR-200a-3p,Simc1,SUMO-interacting motifs containing 1
Details,103,92,mmu-miR-200a-3p,Sobp,sine oculis binding protein
Details,104,92,mmu-miR-200a-3p,Epn1,epsin 1
Details,105,92,mmu-miR-200a-3p,Mtmr6,myotubularin related protein 6
Details,106,92,mmu-miR-200a-3p,Kctd8,potassium channel tetramerisation domain containing 8
Details,107,92,mmu-miR-200a-3p,Stx2,syntaxin 2
Details,108,92,mmu-miR-200a-3p,Stag1,stromal antigen 1
Details,109,92,mmu-miR-200a-3p,Rnf145,ring finger protein 145
Details,110,92,mmu-miR-200a-3p,Lrrc8a,leucine rich repeat containing 8A
Details,111,92,mmu-miR-200a-3p,Greb1l,growth regulation by estrogen in breast cancer-like
Details,112,92,mmu-miR-200a-3p,Tmem237,transmembrane protein 237
Details,113,92,mmu-miR-200a-3p,Epha7,Eph receptor A7
Details,114,92,mmu-miR-200a-3p,Prkacb,"protein kinase, cAMP dependent, catalytic, beta"
Details,115,92,mmu-miR-200a-3p,Fbxl2,F-box and leucine-rich repeat protein 2
Details,116,91,mmu-miR-200a-3p,Zfp644,zinc finger protein 644
Details,117,91,mmu-miR-200a-3p,Hs2st1,heparan sulfate 2-O-sulfotransferase 1
Details,118,91,mmu-miR-200a-3p,Oosp3,oocyte secreted protein 3
Details,119,91,mmu-miR-200a-3p,Rnft1,"ring finger protein, transmembrane 1"
Details,120,91,mmu-miR-200a-3p,Tmem221,transmembrane protein 221
Details,121,91,mmu-miR-200a-3p,E2f3,E2F transcription factor 3
Details,122,91,mmu-miR-200a-3p,Adgrb3,adhesion G protein-coupled receptor B3
Details,123,91,mmu-miR-200a-3p,Il13ra2,"interleukin 13 receptor, alpha 2"
Details,124,91,mmu-miR-200a-3p,Ccdc177,coiled-coil domain containing 177
Details,125,91,mmu-miR-200a-3p,Osbpl11,oxysterol binding protein-like 11
Details,126,91,mmu-miR-200a-3p,March6,membrane-associated ring finger (C3HC4) 6
Details,127,91,mmu-miR-200a-3p,Dnajc13,DnaJ heat shock protein family (Hsp40) member C13
Details,128,91,mmu-miR-200a-3p,Ccdc80,coiled-coil domain containing 80
Details,129,91,mmu-miR-200a-3p,Fam91a1,"family with sequence similarity 91, member A1"
Details,130,91,mmu-miR-200a-3p,Pds5b,PDS5 cohesin associated factor B
Details,131,91,mmu-miR-200a-3p,9330159F19Rik,RIKEN cDNA 9330159F19 gene
Details,132,91,mmu-miR-200a-3p,Sacm1l,SAC1 suppressor of actin mutations 1-like (yeast)
Details,133,91,mmu-miR-200a-3p,Zfp597,zinc finger protein 597
Details,134,91,mmu-miR-200a-3p,Kmt2a,lysine (K)-specific methyltransferase 2A
Details,135,91,mmu-miR-200a-3p,Ntng1,netrin G1
Details,136,90,mmu-miR-200a-3p,Cryz,"crystallin, zeta"
Details,137,90,mmu-miR-200a-3p,Qser1,glutamine and serine rich 1
Details,138,90,mmu-miR-200a-3p,Fam227a,"family with sequence similarity 227, member A"
Details,139,90,mmu-miR-200a-3p,Hephl1,hephaestin-like 1
Details,140,90,mmu-miR-200a-3p,Pym1,"PYM homolog 1, exon junction complex associated factor"
Details,141,90,mmu-miR-200a-3p,Adck2,aarF domain containing kinase 2
Details,142,90,mmu-miR-200a-3p,Nckap5,NCK-associated protein 5
Details,143,90,mmu-miR-200a-3p,Tgfb2,"transforming growth factor, beta 2"
Details,144,90,mmu-miR-200a-3p,Setdb2,"SET domain, bifurcated 2"
Details,145,90,mmu-miR-200a-3p,Fgfr1op,Fgfr1 oncogene partner
Details,146,90,mmu-miR-200a-3p,Atp6v1a,"ATPase, H+ transporting, lysosomal V1 subunit A"
Details,147,90,mmu-miR-200a-3p,B230219D22Rik,RIKEN cDNA B230219D22 gene
Details,148,90,mmu-miR-200a-3p,Supt6,suppressor of Ty 6
Details,149,90,mmu-miR-200a-3p,Dcun1d3,"DCN1, defective in cullin neddylation 1, domain containing 3 (S. cerevisiae)"
Details,150,90,mmu-miR-200a-3p,Ppm1l,protein phosphatase 1 (formerly 2C)-like
Details,151,90,mmu-miR-200a-3p,Fmr1,fragile X mental retardation 1
Details,152,90,mmu-miR-200a-3p,Prkcb,"protein kinase C, beta"
Details,153,90,mmu-miR-200a-3p,Nr3c1,"nuclear receptor subfamily 3, group C, member 1"
Details,154,90,mmu-miR-200a-3p,Ptpn21,"protein tyrosine phosphatase, non-receptor type 21"
Details,155,90,mmu-miR-200a-3p,Slc6a9,"solute carrier family 6 (neurotransmitter transporter, glycine), member 9"
Details,156,89,mmu-miR-200a-3p,Ctag2,cancer/testis antigen 2
Details,157,89,mmu-miR-200a-3p,H2afz,"H2A histone family, member Z"
Details,158,89,mmu-miR-200a-3p,Tshz3,teashirt zinc finger family member 3
Details,159,89,mmu-miR-200a-3p,Pdgfra,"platelet derived growth factor receptor, alpha polypeptide"
Details,160,89,mmu-miR-200a-3p,Hook1,hook microtubule tethering protein 1
Details,161,89,mmu-miR-200a-3p,Bivm,"basic, immunoglobulin-like variable motif containing"
Details,162,89,mmu-miR-200a-3p,Abl2,"v-abl Abelson murine leukemia viral oncogene 2 (arg, Abelson-related gene)"
Details,163,89,mmu-miR-200a-3p,Calcr,calcitonin receptor
Details,164,88,mmu-miR-200a-3p,Chic1,cysteine-rich hydrophobic domain 1
Details,165,88,mmu-miR-200a-3p,Slk,STE20-like kinase
Details,166,88,mmu-miR-200a-3p,Anp32e,"acidic (leucine-rich) nuclear phosphoprotein 32 family, member E"
Details,167,88,mmu-miR-200a-3p,Ero1l,ERO1-like (S. cerevisiae)
Details,168,88,mmu-miR-200a-3p,Slc19a2,"solute carrier family 19 (thiamine transporter), member 2"
Details,169,88,mmu-miR-200a-3p,Efcab7,EF-hand calcium binding domain 7
Details,170,88,mmu-miR-200a-3p,Aldh1a1,"aldehyde dehydrogenase family 1, subfamily A1"
Details,171,88,mmu-miR-200a-3p,Osbpl8,oxysterol binding protein-like 8
Details,172,88,mmu-miR-200a-3p,Rtl5,retrotransposon Gag like 5
Details,173,88,mmu-miR-200a-3p,Cdk13,cyclin-dependent kinase 13
Details,174,88,mmu-miR-200a-3p,Ube2r2,ubiquitin-conjugating enzyme E2R 2
Details,175,88,mmu-miR-200a-3p,Ralgps1,Ral GEF with PH domain and SH3 binding motif 1
Details,176,88,mmu-miR-200a-3p,Clasp2,CLIP associating protein 2
Details,177,88,mmu-miR-200a-3p,Ifrd1,interferon-related developmental regulator 1
Details,178,88,mmu-miR-200a-3p,Gigyf1,GRB10 interacting GYF protein 1
Details,179,88,mmu-miR-200a-3p,Zfp850,zinc finger protein 850
Details,180,88,mmu-miR-200a-3p,Gls,glutaminase
Details,181,87,mmu-miR-200a-3p,Thrb,thyroid hormone receptor beta
Details,182,87,mmu-miR-200a-3p,Lmbrd1,LMBR1 domain containing 1
Details,183,87,mmu-miR-200a-3p,Ythdf3,YTH N6-methyladenosine RNA binding protein 3
Details,184,87,mmu-miR-200a-3p,Ikzf5,IKAROS family zinc finger 5
Details,185,87,mmu-miR-200a-3p,Canx,calnexin
Details,186,87,mmu-miR-200a-3p,Hs6st2,heparan sulfate 6-O-sulfotransferase 2
Details,187,87,mmu-miR-200a-3p,Elk3,"ELK3, member of ETS oncogene family"
Details,188,87,mmu-miR-200a-3p,Phyhipl,phytanoyl-CoA hydroxylase interacting protein-like
Details,189,87,mmu-miR-200a-3p,Src,Rous sarcoma oncogene
Details,190,87,mmu-miR-200a-3p,Pik3ca,"phosphatidylinositol-4,5-bisphosphate 3-kinase catalytic subunit alpha"
Details,191,87,mmu-miR-200a-3p,Slc30a1,"solute carrier family 30 (zinc transporter), member 1"
Details,192,87,mmu-miR-200a-3p,Akap6,A kinase (PRKA) anchor protein 6
Details,193,87,mmu-miR-200a-3p,Urgcp,upregulator of cell proliferation
Details,194,87,mmu-miR-200a-3p,Pappa,pregnancy-associated plasma protein A
Details,195,87,mmu-miR-200a-3p,Ctbp2,C-terminal binding protein 2
Details,196,87,mmu-miR-200a-3p,Gcnt2,"glucosaminyl (N-acetyl) transferase 2, I-branching enzyme"
Details,197,87,mmu-miR-200a-3p,Sema6a,"sema domain, transmembrane domain (TM), and cytoplasmic domain, (semaphorin) 6A"
Details,198,87,mmu-miR-200a-3p,Ctnnd2,"catenin (cadherin associated protein), delta 2"
Details,199,87,mmu-miR-200a-3p,Slc30a7,"solute carrier family 30 (zinc transporter), member 7"
Details,200,87,mmu-miR-200a-3p,Zfp592,zinc finger protein 592
Details,201,87,mmu-miR-200a-3p,Schip1,schwannomin interacting protein 1
Details,202,87,mmu-miR-200a-3p,Akap2,A kinase (PRKA) anchor protein 2
Details,203,87,mmu-miR-200a-3p,Bcap29,B cell receptor associated protein 29
Details,204,86,mmu-miR-200a-3p,Olfm1,olfactomedin 1
Details,205,86,mmu-miR-200a-3p,Cdc14a,CDC14 cell division cycle 14A
Details,206,86,mmu-miR-200a-3p,Zdhhc3,"zinc finger, DHHC domain containing 3"
Details,207,86,mmu-miR-200a-3p,Dtwd2,DTW domain containing 2
Details,208,86,mmu-miR-200a-3p,Ash1l,ASH1 like histone lysine methyltransferase
Details,209,86,mmu-miR-200a-3p,Arl4a,ADP-ribosylation factor-like 4A
Details,210,86,mmu-miR-200a-3p,Cnr1,cannabinoid receptor 1 (brain)
Details,211,86,mmu-miR-200a-3p,Gna13,"guanine nucleotide binding protein, alpha 13"
Details,212,86,mmu-miR-200a-3p,Ppfia1,"protein tyrosine phosphatase, receptor type, f polypeptide (PTPRF), interacting protein (liprin), alpha 1"
Details,213,86,mmu-miR-200a-3p,Zcchc24,"zinc finger, CCHC domain containing 24"
Details,214,86,mmu-miR-200a-3p,Atg16l2,autophagy related 16-like 2 (S. cerevisiae)
Details,215,86,mmu-miR-200a-3p,Wwtr1,WW domain containing transcription regulator 1
Details,216,86,mmu-miR-200a-3p,Tbc1d1,"TBC1 domain family, member 1"
Details,217,86,mmu-miR-200a-3p,Adck1,aarF domain containing kinase 1
Details,218,86,mmu-miR-200a-3p,Glcci1,glucocorticoid induced transcript 1
Details,219,86,mmu-miR-200a-3p,Ttr,transthyretin
Details,220,86,mmu-miR-200a-3p,Prkce,"protein kinase C, epsilon"
Details,221,86,mmu-miR-200a-3p,Nipal3,NIPA-like domain containing 3
Details,222,85,mmu-miR-200a-3p,Gon7,"GON7, KEOPS complex subunit homolog"
Details,223,85,mmu-miR-200a-3p,Fat3,FAT atypical cadherin 3
Details,224,85,mmu-miR-200a-3p,Tmed9,transmembrane p24 trafficking protein 9
Details,225,85,mmu-miR-200a-3p,Vsig8,V-set and immunoglobulin domain containing 8
Details,226,85,mmu-miR-200a-3p,Rtn4rl1,reticulon 4 receptor-like 1
Details,227,85,mmu-miR-200a-3p,Carnmt1,carnosine N-methyltransferase 1
Details,228,85,mmu-miR-200a-3p,B4gat1,"beta-1,4-glucuronyltransferase 1"
Details,229,85,mmu-miR-200a-3p,Sorbs2,sorbin and SH3 domain containing 2
Details,230,85,mmu-miR-200a-3p,Tm4sf1,transmembrane 4 superfamily member 1
Details,231,85,mmu-miR-200a-3p,Jazf1,JAZF zinc finger 1
Details,232,85,mmu-miR-200a-3p,Kif1c,kinesin family member 1C
Details,233,85,mmu-miR-200a-3p,Rhpn2,"rhophilin, Rho GTPase binding protein 2"
Details,234,85,mmu-miR-200a-3p,Spry4,sprouty RTK signaling antagonist 4
Details,235,85,mmu-miR-200a-3p,Tmtc1,transmembrane and tetratricopeptide repeat containing 1
Details,236,85,mmu-miR-200a-3p,Dek,DEK oncogene (DNA binding)
Details,237,85,mmu-miR-200a-3p,Itpripl2,"inositol 1,4,5-triphosphate receptor interacting protein-like 2"
Details,238,85,mmu-miR-200a-3p,Etl4,enhancer trap locus 4
Details,239,85,mmu-miR-200a-3p,Dync1i1,dynein cytoplasmic 1 intermediate chain 1
Details,240,85,mmu-miR-200a-3p,Fam189a1,"family with sequence similarity 189, member A1"
Details,241,85,mmu-miR-200a-3p,Phlpp1,PH domain and leucine rich repeat protein phosphatase 1
Details,242,85,mmu-miR-200a-3p,Ezh1,enhancer of zeste 1 polycomb repressive complex 2 subunit
Details,243,85,mmu-miR-200a-3p,Kat6b,K(lysine) acetyltransferase 6B
Details,244,84,mmu-miR-200a-3p,4930452B06Rik,RIKEN cDNA 4930452B06 gene
Details,245,84,mmu-miR-200a-3p,Bace1,beta-site APP cleaving enzyme 1
Details,246,84,mmu-miR-200a-3p,Ppp1r15b,"protein phosphatase 1, regulatory subunit 15B"
Details,247,84,mmu-miR-200a-3p,Acvr2a,activin receptor IIA
Details,248,84,mmu-miR-200a-3p,St3gal5,"ST3 beta-galactoside alpha-2,3-sialyltransferase 5"
Details,249,84,mmu-miR-200a-3p,Hic2,hypermethylated in cancer 2
Details,250,84,mmu-miR-200a-3p,Apbb2,"amyloid beta (A4) precursor protein-binding, family B, member 2"
Details,251,84,mmu-miR-200a-3p,Mal2,"mal, T cell differentiation protein 2"
Details,252,84,mmu-miR-200a-3p,Epha2,Eph receptor A2
Details,253,84,mmu-miR-200a-3p,4930502E18Rik,RIKEN cDNA 4930502E18 gene
Details,254,84,mmu-miR-200a-3p,3830406C13Rik,RIKEN cDNA 3830406C13 gene
Details,255,84,mmu-miR-200a-3p,Dolpp1,dolichyl pyrophosphate phosphatase 1
Details,256,84,mmu-miR-200a-3p,Map3k3,mitogen-activated protein kinase kinase kinase 3
Details,257,84,mmu-miR-200a-3p,Bend3,BEN domain containing 3
Details,258,84,mmu-miR-200a-3p,Grb2,growth factor receptor bound protein 2
Details,259,84,mmu-miR-200a-3p,Sept11,septin 11
Details,260,84,mmu-miR-200a-3p,Ints8,integrator complex subunit 8
Details,261,83,mmu-miR-200a-3p,Tfap2b,transcription factor AP-2 beta
Details,262,83,mmu-miR-200a-3p,Ccp110,centriolar coiled coil protein 110
Details,263,83,mmu-miR-200a-3p,Samd8,sterile alpha motif domain containing 8
Details,264,83,mmu-miR-200a-3p,Pdxp,"pyridoxal (pyridoxine, vitamin B6) phosphatase"
Details,265,83,mmu-miR-200a-3p,Rdx,radixin
Details,266,83,mmu-miR-200a-3p,Bicd2,BICD cargo adaptor 2
Details,267,83,mmu-miR-200a-3p,Snx27,sorting nexin family member 27
Details,268,83,mmu-miR-200a-3p,Slain2,"SLAIN motif family, member 2"
Details,269,83,mmu-miR-200a-3p,Zfp607b,zinc finger protein 607B
Details,270,83,mmu-miR-200a-3p,Plcxd2,"phosphatidylinositol-specific phospholipase C, X domain containing 2"
Details,271,83,mmu-miR-200a-3p,Fam168b,"family with sequence similarity 168, member B"
Details,272,83,mmu-miR-200a-3p,Mapk1,mitogen-activated protein kinase 1
Details,273,83,mmu-miR-200a-3p,Sp4,trans-acting transcription factor 4
Details,274,83,mmu-miR-200a-3p,Slc23a2,"solute carrier family 23 (nucleobase transporters), member 2"
Details,275,83,mmu-miR-200a-3p,Shisa2,shisa family member 2
Details,276,83,mmu-miR-200a-3p,Zfp606,zinc finger protein 606
Details,277,83,mmu-miR-200a-3p,Mysm1,"myb-like, SWIRM and MPN domains 1"
Details,278,83,mmu-miR-200a-3p,Rnf122,ring finger protein 122
Details,279,83,mmu-miR-200a-3p,Exoc5,exocyst complex component 5
Details,280,82,mmu-miR-200a-3p,Camsap2,"calmodulin regulated spectrin-associated protein family, member 2"
Details,281,82,mmu-miR-200a-3p,Aco1,aconitase 1
Details,282,82,mmu-miR-200a-3p,Rab38,"RAB38, member RAS oncogene family"
Details,283,82,mmu-miR-200a-3p,Rarb,"retinoic acid receptor, beta"
Details,284,82,mmu-miR-200a-3p,Plscr4,phospholipid scramblase 4
Details,285,82,mmu-miR-200a-3p,Pphln1,periphilin 1
Details,286,82,mmu-miR-200a-3p,Plagl2,pleiomorphic adenoma gene-like 2
Details,287,82,mmu-miR-200a-3p,Qk,quaking
Details,288,82,mmu-miR-200a-3p,Phc3,polyhomeotic 3
Details,289,82,mmu-miR-200a-3p,Iqsec1,IQ motif and Sec7 domain 1
Details,290,82,mmu-miR-200a-3p,Tgfbr1,"transforming growth factor, beta receptor I"
Details,291,82,mmu-miR-200a-3p,Etnk1,ethanolamine kinase 1
Details,292,82,mmu-miR-200a-3p,Ntrk2,"neurotrophic tyrosine kinase, receptor, type 2"
Details,293,82,mmu-miR-200a-3p,Prtg,protogenin
Details,294,82,mmu-miR-200a-3p,Elavl2,ELAV like RNA binding protein 1
Details,295,82,mmu-miR-200a-3p,Myrip,myosin VIIA and Rab interacting protein
Details,296,81,mmu-miR-200a-3p,Htr5a,5-hydroxytryptamine (serotonin) receptor 5A
Details,297,81,mmu-miR-200a-3p,Ncoa2,nuclear receptor coactivator 2
Details,298,81,mmu-miR-200a-3p,Sirt1,sirtuin 1
Details,299,81,mmu-miR-200a-3p,Msantd2,Myb/SANT-like DNA-binding domain containing 2
Details,300,81,mmu-miR-200a-3p,Ppt2,palmitoyl-protein thioesterase 2
Details,301,81,mmu-miR-200a-3p,Ppfibp1,"PTPRF interacting protein, binding protein 1 (liprin beta 1)"
Details,302,81,mmu-miR-200a-3p,Lhx6,LIM homeobox protein 6
Details,303,81,mmu-miR-200a-3p,Gata6,GATA binding protein 6
Details,304,81,mmu-miR-200a-3p,H2afv,"H2A histone family, member V"
Details,305,81,mmu-miR-200a-3p,Sfpq,splicing factor proline/glutamine rich (polypyrimidine tract binding protein associated)
Details,306,81,mmu-miR-200a-3p,Psat1,phosphoserine aminotransferase 1
Details,307,81,mmu-miR-200a-3p,Angptl2,angiopoietin-like 2
Details,308,81,mmu-miR-200a-3p,Il2,interleukin 2
Details,309,81,mmu-miR-200a-3p,Cd247,CD247 antigen
Details,310,81,mmu-miR-200a-3p,Phlpp2,PH domain and leucine rich repeat protein phosphatase 2
Details,311,81,mmu-miR-200a-3p,Fkbp5,FK506 binding protein 5
Details,312,81,mmu-miR-200a-3p,Pou4f2,"POU domain, class 4, transcription factor 2"
Details,313,81,mmu-miR-200a-3p,Zfp846,zinc finger protein 846
Details,314,81,mmu-miR-200a-3p,Stat5b,signal transducer and activator of transcription 5B
Details,315,80,mmu-miR-200a-3p,Kcna4,"potassium voltage-gated channel, shaker-related subfamily, member 4"
Details,316,80,mmu-miR-200a-3p,Cers6,ceramide synthase 6
Details,317,80,mmu-miR-200a-3p,Slc25a3,"solute carrier family 25 (mitochondrial carrier, phosphate carrier), member 3"
Details,318,80,mmu-miR-200a-3p,Gria4,"glutamate receptor, ionotropic, AMPA4 (alpha 4)"
Details,319,80,mmu-miR-200a-3p,Cdc42,cell division cycle 42
Details,320,80,mmu-miR-200a-3p,Slc35d1,"solute carrier family 35 (UDP-glucuronic acid/UDP-N-acetylgalactosamine dual transporter), member D1"
Details,321,80,mmu-miR-200a-3p,Ugt1a6b,"UDP glucuronosyltransferase 1 family, polypeptide A6B"
Details,322,80,mmu-miR-200a-3p,Stx17,syntaxin 17
Details,323,80,mmu-miR-200a-3p,Mme,membrane metallo endopeptidase
Details,324,80,mmu-miR-200a-3p,Unc5c,unc-5 netrin receptor C
Details,325,80,mmu-miR-200a-3p,Rb1cc1,RB1-inducible coiled-coil 1
Details,326,80,mmu-miR-200a-3p,Bahd1,bromo adjacent homology domain containing 1
Details,327,80,mmu-miR-200a-3p,Vcan,versican
Details,328,80,mmu-miR-200a-3p,Paqr9,progestin and adipoQ receptor family member IX
Details,329,80,mmu-miR-200a-3p,Siglecf,sialic acid binding Ig-like lectin F
Details,330,80,mmu-miR-200a-3p,Kbtbd4,kelch repeat and BTB (POZ) domain containing 4
Details,331,80,mmu-miR-200a-3p,Slc6a14,"solute carrier family 6 (neurotransmitter transporter), member 14"
Details,332,80,mmu-miR-200a-3p,Kank2,KN motif and ankyrin repeat domains 2
Details,333,80,mmu-miR-200a-3p,Ywhag,"tyrosine 3-monooxygenase/tryptophan 5-monooxygenase activation protein, gamma polypeptide"
Details,334,79,mmu-miR-200a-3p,Lin28b,lin-28 homolog B (C. elegans)
Details,335,79,mmu-miR-200a-3p,Arhgef3,Rho guanine nucleotide exchange factor (GEF) 3
Details,336,79,mmu-miR-200a-3p,Rbm46,RNA binding motif protein 46
Details,337,79,mmu-miR-200a-3p,Tacc1,"transforming, acidic coiled-coil containing protein 1"
Details,338,79,mmu-miR-200a-3p,Papolg,poly(A) polymerase gamma
Details,339,79,mmu-miR-200a-3p,Cacna2d4,"calcium channel, voltage-dependent, alpha 2/delta subunit 4"
Details,340,79,mmu-miR-200a-3p,Foxj1,forkhead box J1
Details,341,79,mmu-miR-200a-3p,Camsap1,calmodulin regulated spectrin-associated protein 1
Details,342,79,mmu-miR-200a-3p,Arf2,ADP-ribosylation factor 2
Details,343,79,mmu-miR-200a-3p,Nme1,NME/NM23 nucleoside diphosphate kinase 1
Details,344,79,mmu-miR-200a-3p,Jkamp,JNK1/MAPK8-associated membrane protein
Details,345,79,mmu-miR-200a-3p,Rapgef2,Rap guanine nucleotide exchange factor (GEF) 2
Details,346,79,mmu-miR-200a-3p,Klhl24,kelch-like 24
Details,347,79,mmu-miR-200a-3p,Nampt,nicotinamide phosphoribosyltransferase
Details,348,79,mmu-miR-200a-3p,Fam168a,"family with sequence similarity 168, member A"
Details,349,79,mmu-miR-200a-3p,Sytl5,synaptotagmin-like 5
Details,350,79,mmu-miR-200a-3p,Asxl2,"additional sex combs like 2, transcriptional regulator"
Details,351,78,mmu-miR-200a-3p,Mbtd1,mbt domain containing 1
Details,352,78,mmu-miR-200a-3p,Mbtps2,"membrane-bound transcription factor peptidase, site 2"
Details,353,78,mmu-miR-200a-3p,Plxna4,plexin A4
Details,354,78,mmu-miR-200a-3p,Fam126b,"family with sequence similarity 126, member B"
Details,355,78,mmu-miR-200a-3p,Sdc2,syndecan 2
Details,356,78,mmu-miR-200a-3p,Siah1a,siah E3 ubiquitin protein ligase 1A
Details,357,78,mmu-miR-200a-3p,Exoc3,exocyst complex component 3
Details,358,78,mmu-miR-200a-3p,Pank3,pantothenate kinase 3
Details,359,78,mmu-miR-200a-3p,Nudcd1,NudC domain containing 1
Details,360,78,mmu-miR-200a-3p,Naa60,"N(alpha)-acetyltransferase 60, NatF catalytic subunit"
Details,361,78,mmu-miR-200a-3p,Dock10,dedicator of cytokinesis 10
Details,362,78,mmu-miR-200a-3p,Dnajc28,DnaJ heat shock protein family (Hsp40) member C28
Details,363,78,mmu-miR-200a-3p,Zfp462,zinc finger protein 462
Details,364,77,mmu-miR-200a-3p,Ebpl,emopamil binding protein-like
Details,365,77,mmu-miR-200a-3p,Gpm6b,glycoprotein m6b
Details,366,77,mmu-miR-200a-3p,Scn2b,"sodium channel, voltage-gated, type II, beta"
Details,367,77,mmu-miR-200a-3p,Atpaf1,ATP synthase mitochondrial F1 complex assembly factor 1
Details,368,77,mmu-miR-200a-3p,Grin2a,"glutamate receptor, ionotropic, NMDA2A (epsilon 1)"
Details,369,77,mmu-miR-200a-3p,Prkaa2,"protein kinase, AMP-activated, alpha 2 catalytic subunit"
Details,370,77,mmu-miR-200a-3p,Mapk6,mitogen-activated protein kinase 6
Details,371,77,mmu-miR-200a-3p,Lrrtm2,leucine rich repeat transmembrane neuronal 2
Details,372,77,mmu-miR-200a-3p,Pms2,"PMS1 homolog2, mismatch repair system component"
Details,373,77,mmu-miR-200a-3p,Arhgef10,Rho guanine nucleotide exchange factor (GEF) 10
Details,374,77,mmu-miR-200a-3p,Lhfp,lipoma HMGIC fusion partner
Details,375,77,mmu-miR-200a-3p,Bnc2,basonuclin 2
Details,376,77,mmu-miR-200a-3p,Foxp1,forkhead box P1
Details,377,77,mmu-miR-200a-3p,Rbm33,RNA binding motif protein 33
Details,378,76,mmu-miR-200a-3p,Fus,fused in sarcoma
Details,379,76,mmu-miR-200a-3p,Ak4,adenylate kinase 4
Details,380,76,mmu-miR-200a-3p,Tpp1,tripeptidyl peptidase I
Details,381,76,mmu-miR-200a-3p,Gbp7,guanylate binding protein 7
Details,382,76,mmu-miR-200a-3p,Ugt1a5,"UDP glucuronosyltransferase 1 family, polypeptide A5"
Details,383,76,mmu-miR-200a-3p,Ugt1a2,"UDP glucuronosyltransferase 1 family, polypeptide A2"
Details,384,76,mmu-miR-200a-3p,Kalrn,"kalirin, RhoGEF kinase"
Details,385,76,mmu-miR-200a-3p,Arhgap24,Rho GTPase activating protein 24
Details,386,76,mmu-miR-200a-3p,Ak2,adenylate kinase 2
Details,387,76,mmu-miR-200a-3p,Pdcd4,programmed cell death 4
Details,388,76,mmu-miR-200a-3p,1600012H06Rik,RIKEN cDNA 1600012H06 gene
Details,389,76,mmu-miR-200a-3p,Grhl1,grainyhead like transcription factor 1
Details,390,76,mmu-miR-200a-3p,Pex5,peroxisomal biogenesis factor 5
Details,391,76,mmu-miR-200a-3p,Heph,hephaestin
Details,392,76,mmu-miR-200a-3p,Fsd1l,fibronectin type III and SPRY domain containing 1-like
Details,393,76,mmu-miR-200a-3p,Hus1,HUS1 checkpoint clamp component
Details,394,76,mmu-miR-200a-3p,Ivns1abp,influenza virus NS1A binding protein
Details,395,76,mmu-miR-200a-3p,Ugt1a1,"UDP glucuronosyltransferase 1 family, polypeptide A1"
Details,396,76,mmu-miR-200a-3p,Perp,"PERP, TP53 apoptosis effector"
Details,397,76,mmu-miR-200a-3p,Khdrbs3,"KH domain containing, RNA binding, signal transduction associated 3"
Details,398,76,mmu-miR-200a-3p,Ppp4r2,"protein phosphatase 4, regulatory subunit 2"
Details,399,76,mmu-miR-200a-3p,Rnmt,RNA (guanine-7-) methyltransferase
Details,400,76,mmu-miR-200a-3p,Ugt1a10,"UDP glycosyltransferase 1 family, polypeptide A10"
Details,401,76,mmu-miR-200a-3p,Cntn1,contactin 1
Details,402,75,mmu-miR-200a-3p,Slc14a1,"solute carrier family 14 (urea transporter), member 1"
Details,403,75,mmu-miR-200a-3p,Faxc,failed axon connections homolog
Details,404,75,mmu-miR-200a-3p,Phactr2,phosphatase and actin regulator 2
Details,405,75,mmu-miR-200a-3p,Nphp3,nephronophthisis 3 (adolescent)
Details,406,75,mmu-miR-200a-3p,Cacul1,"CDK2 associated, cullin domain 1"
Details,407,75,mmu-miR-200a-3p,Rbm12b1,RNA binding motif protein 12 B1
Details,408,75,mmu-miR-200a-3p,Skint10,selection and upkeep of intraepithelial T cells 10
Details,409,75,mmu-miR-200a-3p,Ccdc127,coiled-coil domain containing 127
Details,410,75,mmu-miR-200a-3p,Sim2,single-minded family bHLH transcription factor 2
Details,411,75,mmu-miR-200a-3p,Spag9,sperm associated antigen 9
Details,412,75,mmu-miR-200a-3p,Fbrs,fibrosin
Details,413,75,mmu-miR-200a-3p,Map4,microtubule-associated protein 4
Details,414,75,mmu-miR-200a-3p,Gli3,GLI-Kruppel family member GLI3
Details,415,75,mmu-miR-200a-3p,Lpp,LIM domain containing preferred translocation partner in lipoma
Details,416,75,mmu-miR-200a-3p,Trappc12,trafficking protein particle complex 12
Details,417,75,mmu-miR-200a-3p,Ldlrad4,low density lipoprotein receptor class A domain containing 4
Details,418,75,mmu-miR-200a-3p,Tmem168,transmembrane protein 168
Details,419,75,mmu-miR-200a-3p,Adipor2,adiponectin receptor 2
Details,420,75,mmu-miR-200a-3p,Hoxc13,homeobox C13
Details,421,75,mmu-miR-200a-3p,Zdhhc2,"zinc finger, DHHC domain containing 2"
Details,422,75,mmu-miR-200a-3p,Il1rap,interleukin 1 receptor accessory protein
Details,423,75,mmu-miR-200a-3p,Zfp37,zinc finger protein 37
Details,424,74,mmu-miR-200a-3p,Pou3f2,"POU domain, class 3, transcription factor 2"
Details,425,74,mmu-miR-200a-3p,Arhgap12,Rho GTPase activating protein 12
Details,426,74,mmu-miR-200a-3p,Larp4,"La ribonucleoprotein domain family, member 4"
Details,427,74,mmu-miR-200a-3p,Ids,iduronate 2-sulfatase
Details,428,74,mmu-miR-200a-3p,Pxk,PX domain containing serine/threonine kinase
Details,429,74,mmu-miR-200a-3p,Fam49b,"family with sequence similarity 49, member B"
Details,430,74,mmu-miR-200a-3p,Ccdc6,coiled-coil domain containing 6
Details,431,74,mmu-miR-200a-3p,Socs7,suppressor of cytokine signaling 7
Details,432,74,mmu-miR-200a-3p,Smad9,SMAD family member 9
Details,433,74,mmu-miR-200a-3p,Mapk8,mitogen-activated protein kinase 8
Details,434,74,mmu-miR-200a-3p,Hipk3,homeodomain interacting protein kinase 3
Details,435,74,mmu-miR-200a-3p,Arhgef7,Rho guanine nucleotide exchange factor (GEF7)
Details,436,74,mmu-miR-200a-3p,Rpf1,ribosome production factor 1 homolog
Details,437,74,mmu-miR-200a-3p,Adcy9,adenylate cyclase 9
Details,438,74,mmu-miR-200a-3p,Chm,choroidermia (RAB escort protein 1)
Details,439,74,mmu-miR-200a-3p,Dcx,doublecortin
Details,440,74,mmu-miR-200a-3p,Med31,mediator complex subunit 31
Details,441,74,mmu-miR-200a-3p,Dennd5b,DENN/MADD domain containing 5B
Details,442,74,mmu-miR-200a-3p,Sept8,septin 8
Details,443,74,mmu-miR-200a-3p,Cacna1b,"calcium channel, voltage-dependent, N type, alpha 1B subunit"
Details,444,74,mmu-miR-200a-3p,Tmx3,thioredoxin-related transmembrane protein 3
Details,445,73,mmu-miR-200a-3p,Pten,phosphatase and tensin homolog
Details,446,73,mmu-miR-200a-3p,Med13l,mediator complex subunit 13-like
Details,447,73,mmu-miR-200a-3p,Arntl,aryl hydrocarbon receptor nuclear translocator-like
Details,448,73,mmu-miR-200a-3p,Bnip2,BCL2/adenovirus E1B interacting protein 2
Details,449,73,mmu-miR-200a-3p,Inip,INTS3 and NABP interacting protein
Details,450,73,mmu-miR-200a-3p,Lmbr1,limb region 1
Details,451,73,mmu-miR-200a-3p,Serpinb2,"serine (or cysteine) peptidase inhibitor, clade B, member 2"
Details,452,73,mmu-miR-200a-3p,Wdr26,WD repeat domain 26
Details,453,73,mmu-miR-200a-3p,Pogk,pogo transposable element with KRAB domain
Details,454,73,mmu-miR-200a-3p,Ranbp9,RAN binding protein 9
Details,455,73,mmu-miR-200a-3p,Arl5b,ADP-ribosylation factor-like 5B
Details,456,73,mmu-miR-200a-3p,Sept7,septin 7
Details,457,73,mmu-miR-200a-3p,Wapl,WAPL cohesin release factor
Details,458,73,mmu-miR-200a-3p,Osbpl3,oxysterol binding protein-like 3
Details,459,73,mmu-miR-200a-3p,Mrpl53,mitochondrial ribosomal protein L53
Details,460,73,mmu-miR-200a-3p,Leng8,leukocyte receptor cluster (LRC) member 8
Details,461,72,mmu-miR-200a-3p,Lypla1,lysophospholipase 1
Details,462,72,mmu-miR-200a-3p,Rph3al,rabphilin 3A-like (without C2 domains)
Details,463,72,mmu-miR-200a-3p,2810459M11Rik,RIKEN cDNA 2810459M11 gene
Details,464,72,mmu-miR-200a-3p,Hspa1b,heat shock protein 1B
Details,465,72,mmu-miR-200a-3p,Fam117b,"family with sequence similarity 117, member B"
Details,466,72,mmu-miR-200a-3p,Tgs1,trimethylguanosine synthase 1
Details,467,72,mmu-miR-200a-3p,Mynn,myoneurin
Details,468,72,mmu-miR-200a-3p,Map3k20,mitogen-activated protein kinase kinase kinase 20
Details,469,72,mmu-miR-200a-3p,Tmem229b,transmembrane protein 229B
Details,470,72,mmu-miR-200a-3p,Gnpda1,glucosamine-6-phosphate deaminase 1
Details,471,72,mmu-miR-200a-3p,Ubac1,ubiquitin associated domain containing 1
Details,472,72,mmu-miR-200a-3p,Egr2,early growth response 2
Details,473,72,mmu-miR-200a-3p,Brms1l,breast cancer metastasis-suppressor 1-like
Details,474,72,mmu-miR-200a-3p,Tnks2,"tankyrase, TRF1-interacting ankyrin-related ADP-ribose polymerase 2"
Details,475,72,mmu-miR-200a-3p,Arrb1,"arrestin, beta 1"
Details,476,71,mmu-miR-200a-3p,Rc3h2,ring finger and CCCH-type zinc finger domains 2
Details,477,71,mmu-miR-200a-3p,Igf2,insulin-like growth factor 2
Details,478,71,mmu-miR-200a-3p,Mier3,MIER family member 3
Details,479,71,mmu-miR-200a-3p,Stxbp1,syntaxin binding protein 1
Details,480,71,mmu-miR-200a-3p,Gpr12,G-protein coupled receptor 12
Details,481,71,mmu-miR-200a-3p,Pcnx4,pecanex homolog 4
Details,482,71,mmu-miR-200a-3p,Stat5a,signal transducer and activator of transcription 5A
Details,483,71,mmu-miR-200a-3p,Cxcl12,chemokine (C-X-C motif) ligand 12
Details,484,71,mmu-miR-200a-3p,Col25a1,"collagen, type XXV, alpha 1"
Details,485,71,mmu-miR-200a-3p,Gnpat,glyceronephosphate O-acyltransferase
Details,486,71,mmu-miR-200a-3p,Ypel5,yippee like 5
Details,487,71,mmu-miR-200a-3p,Tex19.1,testis expressed gene 19.1
Details,488,71,mmu-miR-200a-3p,Asxl1,additional sex combs like 1
Details,489,71,mmu-miR-200a-3p,Tmem185b,transmembrane protein 185B
Details,490,71,mmu-miR-200a-3p,Slc7a11,"solute carrier family 7 (cationic amino acid transporter, y+ system), member 11"
Details,491,70,mmu-miR-200a-3p,Slc1a1,"solute carrier family 1 (neuronal/epithelial high affinity glutamate transporter, system Xag), member 1"
Details,492,70,mmu-miR-200a-3p,Tmem110,transmembrane protein 110
Details,493,70,mmu-miR-200a-3p,Map2,microtubule-associated protein 2
Details,494,70,mmu-miR-200a-3p,Paip2,polyadenylate-binding protein-interacting protein 2
Details,495,70,mmu-miR-200a-3p,Cwc15,CWC15 spliceosome-associated protein
Details,496,70,mmu-miR-200a-3p,Trp53inp1,transformation related protein 53 inducible nuclear protein 1
Details,497,70,mmu-miR-200a-3p,Rnf168,ring finger protein 168
Details,498,70,mmu-miR-200a-3p,Nr2c2,"nuclear receptor subfamily 2, group C, member 2"
Details,499,70,mmu-miR-200a-3p,Nrxn1,neurexin I
Details,500,70,mmu-miR-200a-3p,Dync1li2,"dynein, cytoplasmic 1 light intermediate chain 2"
Details,501,70,mmu-miR-200a-3p,Kcna2,"potassium voltage-gated channel, shaker-related subfamily, member 2"
Details,502,70,mmu-miR-200a-3p,Vezt,"vezatin, adherens junctions transmembrane protein"
Details,503,70,mmu-miR-200a-3p,Dclre1b,DNA cross-link repair 1B
Details,504,70,mmu-miR-200a-3p,Itga6,integrin alpha 6
Details,505,70,mmu-miR-200a-3p,Pakap,paralemmin A kinase anchor protein
Details,506,70,mmu-miR-200a-3p,Pi15,peptidase inhibitor 15
Details,507,70,mmu-miR-200a-3p,Zmpste24,"zinc metallopeptidase, STE24"
Details,508,70,mmu-miR-200a-3p,1810030O07Rik,RIKEN cDNA 1810030O07 gene
Details,509,70,mmu-miR-200a-3p,Cdk19,cyclin-dependent kinase 19
Details,510,70,mmu-miR-200a-3p,Ppp2r5c,"protein phosphatase 2, regulatory subunit B', gamma"
Details,511,70,mmu-miR-200a-3p,Fem1c,fem-1 homolog c (C.elegans)
Details,512,70,mmu-miR-200a-3p,Plcb1,"phospholipase C, beta 1"
Details,513,70,mmu-miR-200a-3p,Crot,carnitine O-octanoyltransferase
Details,514,70,mmu-miR-200a-3p,Nemp1,nuclear envelope integral membrane protein 1
Details,515,69,mmu-miR-200a-3p,Zfp26,zinc finger protein 26
Details,516,69,mmu-miR-200a-3p,Fam84b,"family with sequence similarity 84, member B"
Details,517,69,mmu-miR-200a-3p,Ptpn11,"protein tyrosine phosphatase, non-receptor type 11"
Details,518,69,mmu-miR-200a-3p,Riok2,RIO kinase 2
Details,519,69,mmu-miR-200a-3p,Ppp2r2a,"protein phosphatase 2, regulatory subunit B, alpha"
Details,520,69,mmu-miR-200a-3p,Zfp950,zinc finger protein 950
Details,521,69,mmu-miR-200a-3p,Dapk1,death associated protein kinase 1
Details,522,69,mmu-miR-200a-3p,Svil,supervillin
Details,523,69,mmu-miR-200a-3p,Ipmk,inositol polyphosphate multikinase
Details,524,69,mmu-miR-200a-3p,Zc3hav1l,"zinc finger CCCH-type, antiviral 1-like"
Details,525,69,mmu-miR-200a-3p,Xrn1,5'-3' exoribonuclease 1
Details,526,69,mmu-miR-200a-3p,Tusc2,"tumor suppressor 2, mitochondrial calcium regulator"
Details,527,68,mmu-miR-200a-3p,Tc2n,"tandem C2 domains, nuclear"
Details,528,68,mmu-miR-200a-3p,Mitf,melanogenesis associated transcription factor
Details,529,68,mmu-miR-200a-3p,Slc17a6,"solute carrier family 17 (sodium-dependent inorganic phosphate cotransporter), member 6"
Details,530,68,mmu-miR-200a-3p,Tmem203,transmembrane protein 203
Details,531,68,mmu-miR-200a-3p,Tma7,translational machinery associated 7
Details,532,68,mmu-miR-200a-3p,Ppp3r1,"protein phosphatase 3, regulatory subunit B, alpha isoform (calcineurin B, type I)"
Details,533,68,mmu-miR-200a-3p,Syt16,synaptotagmin XVI
Details,534,68,mmu-miR-200a-3p,Tfrc,transferrin receptor
Details,535,68,mmu-miR-200a-3p,Kpna3,karyopherin (importin) alpha 3
Details,536,68,mmu-miR-200a-3p,Il12b,interleukin 12b
Details,537,68,mmu-miR-200a-3p,Ifnar1,interferon (alpha and beta) receptor 1
Details,538,68,mmu-miR-200a-3p,Wdr44,WD repeat domain 44
Details,539,68,mmu-miR-200a-3p,Siah1b,siah E3 ubiquitin protein ligase 1B
Details,540,68,mmu-miR-200a-3p,Trub2,TruB pseudouridine (psi) synthase family member 2
Details,541,68,mmu-miR-200a-3p,Gulp1,"GULP, engulfment adaptor PTB domain containing 1"
Details,542,68,mmu-miR-200a-3p,Trove2,"TROVE domain family, member 2"
Details,543,68,mmu-miR-200a-3p,Tdo2,"tryptophan 2,3-dioxygenase"
Details,544,67,mmu-miR-200a-3p,Ppp2r5e,"protein phosphatase 2, regulatory subunit B', epsilon"
Details,545,67,mmu-miR-200a-3p,1700025G04Rik,RIKEN cDNA 1700025G04 gene
Details,546,67,mmu-miR-200a-3p,Zfp780b,zinc finger protein 780B
Details,547,67,mmu-miR-200a-3p,P2ry1,"purinergic receptor P2Y, G-protein coupled 1"
Details,548,67,mmu-miR-200a-3p,Tmem255a,transmembrane protein 255A
Details,549,67,mmu-miR-200a-3p,Pik3cb,"phosphatidylinositol-4,5-bisphosphate 3-kinase catalytic subunit beta"
Details,550,67,mmu-miR-200a-3p,Slf2,SMC5-SMC6 complex localization factor 2
Details,551,67,mmu-miR-200a-3p,Shroom4,shroom family member 4
Details,552,67,mmu-miR-200a-3p,Tfdp2,transcription factor Dp 2
Details,553,67,mmu-miR-200a-3p,Maml2,mastermind like transcriptional coactivator 2
Details,554,67,mmu-miR-200a-3p,Bloc1s4,"biogenesis of lysosomal organelles complex-1, subunit 4, cappuccino"
Details,555,67,mmu-miR-200a-3p,Sdf2,stromal cell derived factor 2
Details,556,67,mmu-miR-200a-3p,Gm4894,predicted gene 4894
Details,557,67,mmu-miR-200a-3p,Clock,circadian locomotor output cycles kaput
Details,558,67,mmu-miR-200a-3p,Adsl,adenylosuccinate lyase
Details,559,67,mmu-miR-200a-3p,Slc16a7,"solute carrier family 16 (monocarboxylic acid transporters), member 7"
Details,560,67,mmu-miR-200a-3p,Nt5c2,"5'-nucleotidase, cytosolic II"
Details,561,67,mmu-miR-200a-3p,Hrh4,histamine receptor H4
Details,562,67,mmu-miR-200a-3p,Tgfbr3,"transforming growth factor, beta receptor III"
Details,563,67,mmu-miR-200a-3p,Abca12,"ATP-binding cassette, sub-family A (ABC1), member 12"
Details,564,67,mmu-miR-200a-3p,Spred2,"sprouty-related, EVH1 domain containing 2"
Details,565,66,mmu-miR-200a-3p,Fcho2,FCH domain only 2
Details,566,66,mmu-miR-200a-3p,Sema5a,"sema domain, seven thrombospondin repeats (type 1 and type 1-like), transmembrane domain (TM) and short cytoplasmic domain, (semaphorin) 5A"
Details,567,66,mmu-miR-200a-3p,Acvr1c,"activin A receptor, type IC"
Details,568,66,mmu-miR-200a-3p,Dusp7,dual specificity phosphatase 7
Details,569,66,mmu-miR-200a-3p,Cep120,centrosomal protein 120
Details,570,66,mmu-miR-200a-3p,Upk3b,uroplakin 3B
Details,571,66,mmu-miR-200a-3p,Cgas,cyclic GMP-AMP synthase
Details,572,66,mmu-miR-200a-3p,1700066M21Rik,RIKEN cDNA 1700066M21 gene
Details,573,66,mmu-miR-200a-3p,Atp6v1b2,"ATPase, H+ transporting, lysosomal V1 subunit B2"
Details,574,66,mmu-miR-200a-3p,Ptprd,"protein tyrosine phosphatase, receptor type, D"
Details,575,66,mmu-miR-200a-3p,Matr3,matrin 3
Details,576,66,mmu-miR-200a-3p,Aurkb,aurora kinase B
Details,577,66,mmu-miR-200a-3p,Dip2b,disco interacting protein 2 homolog B
Details,578,66,mmu-miR-200a-3p,C530008M17Rik,RIKEN cDNA C530008M17 gene
Details,579,66,mmu-miR-200a-3p,Mfsd14a,major facilitator superfamily domain containing 14A
Details,580,66,mmu-miR-200a-3p,Gpr141b,G protein-coupled receptor 141B
Details,581,66,mmu-miR-200a-3p,Ccl27a,chemokine (C-C motif) ligand 27A
Details,582,66,mmu-miR-200a-3p,Cdon,cell adhesion molecule-related/down-regulated by oncogenes
Details,583,66,mmu-miR-200a-3p,Map3k7,mitogen-activated protein kinase kinase kinase 7
Details,584,66,mmu-miR-200a-3p,Zfp532,zinc finger protein 532
Details,585,65,mmu-miR-200a-3p,Apc2,adenomatosis polyposis coli 2
Details,586,65,mmu-miR-200a-3p,Atl1,atlastin GTPase 1
Details,587,65,mmu-miR-200a-3p,Mindy2,MINDY lysine 48 deubiquitinase 2
Details,588,65,mmu-miR-200a-3p,Efr3a,EFR3 homolog A
Details,589,65,mmu-miR-200a-3p,Acot7,acyl-CoA thioesterase 7
Details,590,65,mmu-miR-200a-3p,Snip1,Smad nuclear interacting protein 1
Details,591,65,mmu-miR-200a-3p,Myef2,"myelin basic protein expression factor 2, repressor"
Details,592,65,mmu-miR-200a-3p,Serinc5,serine incorporator 5
Details,593,65,mmu-miR-200a-3p,Cul4b,cullin 4B
Details,594,65,mmu-miR-200a-3p,Bclaf1,BCL2-associated transcription factor 1
Details,595,65,mmu-miR-200a-3p,Bap1,Brca1 associated protein 1
Details,596,65,mmu-miR-200a-3p,Mpped2,metallophosphoesterase domain containing 2
Details,597,65,mmu-miR-200a-3p,Usp45,ubiquitin specific petidase 45
Details,598,65,mmu-miR-200a-3p,Cblb,Casitas B-lineage lymphoma b
Details,599,65,mmu-miR-200a-3p,Tmed10,transmembrane p24 trafficking protein 10
Details,600,65,mmu-miR-200a-3p,Fbxo8,F-box protein 8
Details,601,65,mmu-miR-200a-3p,Ccnt2,cyclin T2
Details,602,65,mmu-miR-200a-3p,Hipk1,homeodomain interacting protein kinase 1
Details,603,65,mmu-miR-200a-3p,Mdm1,transformed mouse 3T3 cell double minute 1
Details,604,65,mmu-miR-200a-3p,Slc10a5,"solute carrier family 10 (sodium/bile acid cotransporter family), member 5"
Details,605,64,mmu-miR-200a-3p,Srcap,Snf2-related CREBBP activator protein
Details,606,64,mmu-miR-200a-3p,Zdhhc17,"zinc finger, DHHC domain containing 17"
Details,607,64,mmu-miR-200a-3p,Cds2,CDP-diacylglycerol synthase (phosphatidate cytidylyltransferase) 2
Details,608,64,mmu-miR-200a-3p,Tmed5,transmembrane p24 trafficking protein 5
Details,609,64,mmu-miR-200a-3p,Usp13,ubiquitin specific peptidase 13 (isopeptidase T-3)
Details,610,64,mmu-miR-200a-3p,Cyp2j13,"cytochrome P450, family 2, subfamily j, polypeptide 13"
Details,611,64,mmu-miR-200a-3p,Erc2,ELKS/RAB6-interacting/CAST family member 2
Details,612,64,mmu-miR-200a-3p,Cfl2,"cofilin 2, muscle"
Details,613,64,mmu-miR-200a-3p,Cttnbp2,cortactin binding protein 2
Details,614,64,mmu-miR-200a-3p,Plcxd3,"phosphatidylinositol-specific phospholipase C, X domain containing 3"
Details,615,64,mmu-miR-200a-3p,Commd10,COMM domain containing 10
Details,616,64,mmu-miR-200a-3p,Zfp874b,zinc finger protein 874b
Details,617,64,mmu-miR-200a-3p,Dnajc18,DnaJ heat shock protein family (Hsp40) member C18
Details,618,64,mmu-miR-200a-3p,Zfp735,zinc finger protein 735
Details,619,64,mmu-miR-200a-3p,Cyth1,cytohesin 1
Details,620,64,mmu-miR-200a-3p,Magee2,"melanoma antigen, family E, 2"
Details,621,64,mmu-miR-200a-3p,Cd38,CD38 antigen
Details,622,64,mmu-miR-200a-3p,Abhd5,abhydrolase domain containing 5
Details,623,64,mmu-miR-200a-3p,Col4a4,"collagen, type IV, alpha 4"
Details,624,63,mmu-miR-200a-3p,Dnajc1,DnaJ heat shock protein family (Hsp40) member C1
Details,625,63,mmu-miR-200a-3p,Slc38a1,"solute carrier family 38, member 1"
Details,626,63,mmu-miR-200a-3p,Foxn2,forkhead box N2
Details,627,63,mmu-miR-200a-3p,Hykk,hydroxylysine kinase 1
Details,628,63,mmu-miR-200a-3p,Ppef1,protein phosphatase with EF hand calcium-binding domain 1
Details,629,63,mmu-miR-200a-3p,Itsn1,intersectin 1 (SH3 domain protein 1A)
Details,630,63,mmu-miR-200a-3p,Ccdc122,coiled-coil domain containing 122
Details,631,63,mmu-miR-200a-3p,Atg9b,autophagy related 9B
Details,632,63,mmu-miR-200a-3p,Sap30l,SAP30-like
Details,633,63,mmu-miR-200a-3p,Nexmif,neurite extension and migration factor
Details,634,63,mmu-miR-200a-3p,Ppp2r3d,"protein phosphatase 2 (formerly 2A), regulatory subunit B'', delta"
Details,635,63,mmu-miR-200a-3p,Reep4,receptor accessory protein 4
Details,636,63,mmu-miR-200a-3p,Htr2c,5-hydroxytryptamine (serotonin) receptor 2C
Details,637,63,mmu-miR-200a-3p,Gm10406,predicted gene 10406
Details,638,63,mmu-miR-200a-3p,Nemp2,nuclear envelope integral membrane protein 2
Details,639,63,mmu-miR-200a-3p,Sim1,single-minded family bHLH transcription factor 1
Details,640,63,mmu-miR-200a-3p,Csnk1e,"casein kinase 1, epsilon"
Details,641,63,mmu-miR-200a-3p,Pltp,phospholipid transfer protein
Details,642,63,mmu-miR-200a-3p,Trim12c,tripartite motif-containing 12C
Details,643,62,mmu-miR-200a-3p,Trim66,tripartite motif-containing 66
Details,644,62,mmu-miR-200a-3p,Tmem69,transmembrane protein 69
Details,645,62,mmu-miR-200a-3p,Rnf180,ring finger protein 180
Details,646,62,mmu-miR-200a-3p,Zfp704,zinc finger protein 704
Details,647,62,mmu-miR-200a-3p,Pitpnb,"phosphatidylinositol transfer protein, beta"
Details,648,62,mmu-miR-200a-3p,Sass6,SAS-6 centriolar assembly protein
Details,649,62,mmu-miR-200a-3p,Gpatch2l,G patch domain containing 2 like
Details,650,62,mmu-miR-200a-3p,Pgap1,post-GPI attachment to proteins 1
Details,651,62,mmu-miR-200a-3p,G3bp2,GTPase activating protein (SH3 domain) binding protein 2
Details,652,62,mmu-miR-200a-3p,Ddah1,dimethylarginine dimethylaminohydrolase 1
Details,653,62,mmu-miR-200a-3p,Aldh1b1,"aldehyde dehydrogenase 1 family, member B1"
Details,654,62,mmu-miR-200a-3p,Pfkm,"phosphofructokinase, muscle"
Details,655,62,mmu-miR-200a-3p,Frmd6,FERM domain containing 6
Details,656,62,mmu-miR-200a-3p,Gbx2,gastrulation brain homeobox 2
Details,657,62,mmu-miR-200a-3p,Srp72,signal recognition particle 72
Details,658,62,mmu-miR-200a-3p,Lrrc58,leucine rich repeat containing 58
Details,659,62,mmu-miR-200a-3p,Tanc2,"tetratricopeptide repeat, ankyrin repeat and coiled-coil containing 2"
Details,660,62,mmu-miR-200a-3p,Sox17,SRY (sex determining region Y)-box 17
Details,661,62,mmu-miR-200a-3p,Dido1,death inducer-obliterator 1
Details,662,62,mmu-miR-200a-3p,Atp2a2,"ATPase, Ca++ transporting, cardiac muscle, slow twitch 2"
Details,663,62,mmu-miR-200a-3p,Zfp516,zinc finger protein 516
Details,664,62,mmu-miR-200a-3p,Hhipl2,hedgehog interacting protein-like 2
Details,665,62,mmu-miR-200a-3p,Bmp1,bone morphogenetic protein 1
Details,666,62,mmu-miR-200a-3p,Zfp281,zinc finger protein 281
Details,667,62,mmu-miR-200a-3p,Dcaf12l1,DDB1 and CUL4 associated factor 12-like 1
Details,668,62,mmu-miR-200a-3p,Aktip,thymoma viral proto-oncogene 1 interacting protein
Details,669,61,mmu-miR-200a-3p,Usp29,ubiquitin specific peptidase 29
Details,670,61,mmu-miR-200a-3p,Spin4,"spindlin family, member 4"
Details,671,61,mmu-miR-200a-3p,Wdr1,WD repeat domain 1
Details,672,61,mmu-miR-200a-3p,Zscan26,zinc finger and SCAN domain containing 26
Details,673,61,mmu-miR-200a-3p,Atf3,activating transcription factor 3
Details,674,61,mmu-miR-200a-3p,Kcnk5,"potassium channel, subfamily K, member 5"
Details,675,61,mmu-miR-200a-3p,Rgs4,regulator of G-protein signaling 4
Details,676,61,mmu-miR-200a-3p,Slc30a4,"solute carrier family 30 (zinc transporter), member 4"
Details,677,61,mmu-miR-200a-3p,Txnip,thioredoxin interacting protein
Details,678,61,mmu-miR-200a-3p,Dcdc2a,doublecortin domain containing 2a
Details,679,61,mmu-miR-200a-3p,Bcor,BCL6 interacting corepressor
Details,680,61,mmu-miR-200a-3p,Tbcel,tubulin folding cofactor E-like
Details,681,61,mmu-miR-200a-3p,Prlr,prolactin receptor
Details,682,61,mmu-miR-200a-3p,Mboat7,membrane bound O-acyltransferase domain containing 7
Details,683,61,mmu-miR-200a-3p,Kdm4a,lysine (K)-specific demethylase 4A
Details,684,61,mmu-miR-200a-3p,Ssr1,"signal sequence receptor, alpha"
Details,685,61,mmu-miR-200a-3p,Sv2a,synaptic vesicle glycoprotein 2 a
Details,686,61,mmu-miR-200a-3p,Smim13,small integral membrane protein 13
Details,687,61,mmu-miR-200a-3p,Slc16a1,"solute carrier family 16 (monocarboxylic acid transporters), member 1"
Details,688,61,mmu-miR-200a-3p,Ogt,O-linked N-acetylglucosamine (GlcNAc) transferase (UDP-N-acetylglucosamine:polypeptide-N-acetylglucosaminyl transferase)
Details,689,61,mmu-miR-200a-3p,Cdk6,cyclin-dependent kinase 6
Details,690,61,mmu-miR-200a-3p,Fam160b1,"family with sequence similarity 160, member B1"
Details,691,61,mmu-miR-200a-3p,Cdc42bpb,CDC42 binding protein kinase beta
Details,692,61,mmu-miR-200a-3p,Oaz2,ornithine decarboxylase antizyme 2
Details,693,61,mmu-miR-200a-3p,Tppp,tubulin polymerization promoting protein
Details,694,60,mmu-miR-200a-3p,1700047I17Rik2,RIKEN cDNA 1700047I17 gene 2
Details,695,60,mmu-miR-200a-3p,Adrb1,"adrenergic receptor, beta 1"
Details,696,60,mmu-miR-200a-3p,Fam118a,"family with sequence similarity 118, member A"
Details,697,60,mmu-miR-200a-3p,Adgrg3,adhesion G protein-coupled receptor G3
Details,698,60,mmu-miR-200a-3p,Pkn2,protein kinase N2
Details,699,60,mmu-miR-200a-3p,Ifit1bl2,interferon induced protein with tetratricopeptide repeats 1B like 2
Details,700,60,mmu-miR-200a-3p,Kif1b,kinesin family member 1B
Details,701,60,mmu-miR-200a-3p,Zfp568,zinc finger protein 568
Details,702,60,mmu-miR-200a-3p,Vangl2,VANGL planar cell polarity 2
Details,703,60,mmu-miR-200a-3p,Fam177a,"family with sequence similarity 177, member A"
Details,704,60,mmu-miR-200a-3p,Kdm7a,lysine (K)-specific demethylase 7A
Details,705,60,mmu-miR-200a-3p,Lep,leptin
Details,706,60,mmu-miR-200a-3p,Usp9x,"ubiquitin specific peptidase 9, X chromosome"
Details,707,60,mmu-miR-200a-3p,Ankfy1,ankyrin repeat and FYVE domain containing 1
Details,708,60,mmu-miR-200a-3p,Mmp25,matrix metallopeptidase 25
Details,709,60,mmu-miR-200a-3p,Kctd18,potassium channel tetramerisation domain containing 18
Details,710,60,mmu-miR-200a-3p,Enoph1,enolase-phosphatase 1
Details,711,60,mmu-miR-200a-3p,Mtf2,metal response element binding transcription factor 2
Details,712,60,mmu-miR-200a-3p,Ccdc39,coiled-coil domain containing 39
Details,713,60,mmu-miR-200a-3p,Gng7,"guanine nucleotide binding protein (G protein), gamma 7"
Details,714,60,mmu-miR-200a-3p,Vps50,VPS50 EARP/GARPII complex subunit
Details,715,60,mmu-miR-200a-3p,Arfgef2,ADP-ribosylation factor guanine nucleotide-exchange factor 2 (brefeldin A-inhibited)
Details,716,60,mmu-miR-200a-3p,Zfand5,"zinc finger, AN1-type domain 5"
Details,717,59,mmu-miR-200a-3p,Mapk10,mitogen-activated protein kinase 10
Details,718,59,mmu-miR-200a-3p,Epc1,enhancer of polycomb homolog 1
Details,719,59,mmu-miR-200a-3p,Rbm41,RNA binding motif protein 41
Details,720,59,mmu-miR-200a-3p,Gm3435,predicted gene 3435
Details,721,59,mmu-miR-200a-3p,Dhx40,DEAH (Asp-Glu-Ala-His) box polypeptide 40
Details,722,59,mmu-miR-200a-3p,Zfp955a,zinc finger protein 955A
Details,723,59,mmu-miR-200a-3p,Dcbld2,"discoidin, CUB and LCCL domain containing 2"
Details,724,59,mmu-miR-200a-3p,Tigar,Trp53 induced glycolysis repulatory phosphatase
Details,725,59,mmu-miR-200a-3p,Serf2,small EDRK-rich factor 2
Details,726,59,mmu-miR-200a-3p,Foxa2,forkhead box A2
Details,727,59,mmu-miR-200a-3p,Lancl2,LanC (bacterial lantibiotic synthetase component C)-like 2
Details,728,59,mmu-miR-200a-3p,Pot1a,protection of telomeres 1A
Details,729,59,mmu-miR-200a-3p,Thbd,thrombomodulin
Details,730,58,mmu-miR-200a-3p,Cdc14b,CDC14 cell division cycle 14B
Details,731,58,mmu-miR-200a-3p,Ttyh2,tweety family member 2
Details,732,58,mmu-miR-200a-3p,Psmb11,"proteasome (prosome, macropain) subunit, beta type, 11"
Details,733,58,mmu-miR-200a-3p,Rmnd5a,required for meiotic nuclear division 5 homolog A
Details,734,58,mmu-miR-200a-3p,Igdcc4,"immunoglobulin superfamily, DCC subclass, member 4"
Details,735,58,mmu-miR-200a-3p,Ctnnb1,"catenin (cadherin associated protein), beta 1"
Details,736,58,mmu-miR-200a-3p,Ints6,integrator complex subunit 6
Details,737,58,mmu-miR-200a-3p,Epg5,ectopic P-granules autophagy protein 5 homolog (C. elegans)
Details,738,58,mmu-miR-200a-3p,Pcdh8,protocadherin 8
Details,739,58,mmu-miR-200a-3p,Gch1,GTP cyclohydrolase 1
Details,740,58,mmu-miR-200a-3p,Casp12,caspase 12
Details,741,58,mmu-miR-200a-3p,Olr1,oxidized low density lipoprotein (lectin-like) receptor 1
Details,742,58,mmu-miR-200a-3p,Lgalsl,"lectin, galactoside binding-like"
Details,743,58,mmu-miR-200a-3p,Edem1,"ER degradation enhancer, mannosidase alpha-like 1"
Details,744,58,mmu-miR-200a-3p,Prkci,"protein kinase C, iota"
Details,745,58,mmu-miR-200a-3p,4930562C15Rik,RIKEN cDNA 4930562C15 gene
Details,746,58,mmu-miR-200a-3p,Ddo,D-aspartate oxidase
Details,747,58,mmu-miR-200a-3p,Amot,angiomotin
Details,748,58,mmu-miR-200a-3p,Ssr3,"signal sequence receptor, gamma"
Details,749,58,mmu-miR-200a-3p,Ebna1bp2,EBNA1 binding protein 2
Details,750,57,mmu-miR-200a-3p,Tex13b,testis expressed 13B
Details,751,57,mmu-miR-200a-3p,Sulf2,sulfatase 2
Details,752,57,mmu-miR-200a-3p,Vrtn,vertebrae development associated
Details,753,57,mmu-miR-200a-3p,Gphn,gephyrin
Details,754,57,mmu-miR-200a-3p,Trnt1,"tRNA nucleotidyl transferase, CCA-adding, 1"
Details,755,57,mmu-miR-200a-3p,Akirin1,akirin 1
Details,756,57,mmu-miR-200a-3p,Agl,"amylo-1,6-glucosidase, 4-alpha-glucanotransferase"
Details,757,57,mmu-miR-200a-3p,Epha5,Eph receptor A5
Details,758,57,mmu-miR-200a-3p,Kcnj3,"potassium inwardly-rectifying channel, subfamily J, member 3"
Details,759,57,mmu-miR-200a-3p,Mecp2,methyl CpG binding protein 2
Details,760,57,mmu-miR-200a-3p,Pitx2,paired-like homeodomain transcription factor 2
Details,761,57,mmu-miR-200a-3p,Ankrd33b,ankyrin repeat domain 33B
Details,762,57,mmu-miR-200a-3p,Hsdl1,hydroxysteroid dehydrogenase like 1
Details,763,57,mmu-miR-200a-3p,Ptges3,prostaglandin E synthase 3
Details,764,57,mmu-miR-200a-3p,Azi2,5-azacytidine induced gene 2
Details,765,57,mmu-miR-200a-3p,Atf5,activating transcription factor 5
Details,766,57,mmu-miR-200a-3p,Nudt7,nudix (nucleoside diphosphate linked moiety X)-type motif 7
Details,767,57,mmu-miR-200a-3p,Dnal1,"dynein, axonemal, light chain 1"
Details,768,57,mmu-miR-200a-3p,Isg20l2,interferon stimulated exonuclease gene 20-like 2
Details,769,57,mmu-miR-200a-3p,Slc39a9,"solute carrier family 39 (zinc transporter), member 9"
Details,770,57,mmu-miR-200a-3p,Pik3r1,phosphoinositide-3-kinase regulatory subunit 1
Details,771,57,mmu-miR-200a-3p,Efna1,ephrin A1
Details,772,57,mmu-miR-200a-3p,Sema3d,"sema domain, immunoglobulin domain (Ig), short basic domain, secreted, (semaphorin) 3D"
Details,773,57,mmu-miR-200a-3p,Cadm1,cell adhesion molecule 1
Details,774,56,mmu-miR-200a-3p,Osbpl1a,oxysterol binding protein-like 1A
Details,775,56,mmu-miR-200a-3p,Mcam,melanoma cell adhesion molecule
Details,776,56,mmu-miR-200a-3p,B3gnt2,"UDP-GlcNAc:betaGal beta-1,3-N-acetylglucosaminyltransferase 2"
Details,777,56,mmu-miR-200a-3p,Maml1,mastermind like transcriptional coactivator 1
Details,778,56,mmu-miR-200a-3p,Net1,neuroepithelial cell transforming gene 1
Details,779,56,mmu-miR-200a-3p,Atat1,alpha tubulin acetyltransferase 1
Details,780,56,mmu-miR-200a-3p,Adh7,"alcohol dehydrogenase 7 (class IV), mu or sigma polypeptide"
Details,781,56,mmu-miR-200a-3p,2310057M21Rik,RIKEN cDNA 2310057M21 gene
Details,782,56,mmu-miR-200a-3p,Ces2a,carboxylesterase 2A
Details,783,56,mmu-miR-200a-3p,Rgs17,regulator of G-protein signaling 17
Details,784,56,mmu-miR-200a-3p,Szrd1,SUZ RNA binding domain containing 1
Details,785,56,mmu-miR-200a-3p,Mrps12,mitochondrial ribosomal protein S12
Details,786,56,mmu-miR-200a-3p,Katnbl1,katanin p80 subunit B like 1
Details,787,56,mmu-miR-200a-3p,Gpam,"glycerol-3-phosphate acyltransferase, mitochondrial"
Details,788,56,mmu-miR-200a-3p,Odr4,odr4 GPCR localization factor homolog
Details,789,56,mmu-miR-200a-3p,4933425L06Rik,RIKEN cDNA 4933425L06 gene
Details,790,56,mmu-miR-200a-3p,Kcnj15,"potassium inwardly-rectifying channel, subfamily J, member 15"
Details,791,56,mmu-miR-200a-3p,Chp1,calcineurin-like EF hand protein 1
Details,792,56,mmu-miR-200a-3p,Rab8b,"RAB8B, member RAS oncogene family"
Details,793,56,mmu-miR-200a-3p,Lifr,LIF receptor alpha
Details,794,56,mmu-miR-200a-3p,Nsmaf,neutral sphingomyelinase (N-SMase) activation associated factor
Details,795,56,mmu-miR-200a-3p,Rbms1,"RNA binding motif, single stranded interacting protein 1"
Details,796,56,mmu-miR-200a-3p,Ice2,interactor of little elongation complex ELL subunit 2
Details,797,56,mmu-miR-200a-3p,Klhdc10,kelch domain containing 10
Details,798,55,mmu-miR-200a-3p,Ttc14,tetratricopeptide repeat domain 14
Details,799,55,mmu-miR-200a-3p,Ptpn14,"protein tyrosine phosphatase, non-receptor type 14"
Details,800,55,mmu-miR-200a-3p,Sost,sclerostin
Details,801,55,mmu-miR-200a-3p,Slc10a2,"solute carrier family 10, member 2"
Details,802,55,mmu-miR-200a-3p,Gne,glucosamine (UDP-N-acetyl)-2-epimerase/N-acetylmannosamine kinase
Details,803,55,mmu-miR-200a-3p,Naa16,"N(alpha)-acetyltransferase 16, NatA auxiliary subunit"
Details,804,55,mmu-miR-200a-3p,Tradd,TNFRSF1A-associated via death domain
Details,805,55,mmu-miR-200a-3p,Tbx5,T-box 5
Details,806,55,mmu-miR-200a-3p,Rhobtb3,Rho-related BTB domain containing 3
Details,807,55,mmu-miR-200a-3p,Golm1,golgi membrane protein 1
Details,808,55,mmu-miR-200a-3p,Prune2,prune homolog 2
Details,809,55,mmu-miR-200a-3p,Elmod2,ELMO/CED-12 domain containing 2
Details,810,55,mmu-miR-200a-3p,Pcmtd1,protein-L-isoaspartate (D-aspartate) O-methyltransferase domain containing 1
Details,811,55,mmu-miR-200a-3p,Pcnp,PEST proteolytic signal containing nuclear protein
Details,812,55,mmu-miR-200a-3p,Zpbp,zona pellucida binding protein
Details,813,55,mmu-miR-200a-3p,Ap1m1,"adaptor-related protein complex AP-1, mu subunit 1"
Details,814,55,mmu-miR-200a-3p,Mfsd2b,major facilitator superfamily domain containing 2B
Details,815,54,mmu-miR-200a-3p,Cbfa2t2,CBFA2/RUNX1 translocation partner 2
Details,816,54,mmu-miR-200a-3p,Desi2,desumoylating isopeptidase 2
Details,817,54,mmu-miR-200a-3p,Tyr,tyrosinase
Details,818,54,mmu-miR-200a-3p,Rnf38,ring finger protein 38
Details,819,54,mmu-miR-200a-3p,Zfp286,zinc finger protein 286
Details,820,54,mmu-miR-200a-3p,Rab30,"RAB30, member RAS oncogene family"
Details,821,54,mmu-miR-200a-3p,Has2,hyaluronan synthase 2
Details,822,54,mmu-miR-200a-3p,Rhbg,Rhesus blood group-associated B glycoprotein
Details,823,54,mmu-miR-200a-3p,Cphx3,cytoplasmic polyadenylated homeobox 3
Details,824,54,mmu-miR-200a-3p,Grin3a,"glutamate receptor ionotropic, NMDA3A"
Details,825,54,mmu-miR-200a-3p,Zfp953,zinc finger protein 953
Details,826,54,mmu-miR-200a-3p,Mbd5,methyl-CpG binding domain protein 5
Details,827,54,mmu-miR-200a-3p,Pml,promyelocytic leukemia
Details,828,54,mmu-miR-200a-3p,Elmo1,engulfment and cell motility 1
Details,829,54,mmu-miR-200a-3p,Gabrp,"gamma-aminobutyric acid (GABA) A receptor, pi"
Details,830,54,mmu-miR-200a-3p,Gm20767,"predicted gene, 20767"
Details,831,54,mmu-miR-200a-3p,Abcc5,"ATP-binding cassette, sub-family C (CFTR/MRP), member 5"
Details,832,54,mmu-miR-200a-3p,Fgd6,"FYVE, RhoGEF and PH domain containing 6"
Details,833,54,mmu-miR-200a-3p,Steap2,six transmembrane epithelial antigen of prostate 2
Details,834,54,mmu-miR-200a-3p,Cry1,cryptochrome 1 (photolyase-like)
Details,835,54,mmu-miR-200a-3p,Celf5,"CUGBP, Elav-like family member 5"
Details,836,54,mmu-miR-200a-3p,Tekt3,tektin 3
Details,837,54,mmu-miR-200a-3p,Ppp2ca,"protein phosphatase 2 (formerly 2A), catalytic subunit, alpha isoform"
Details,838,54,mmu-miR-200a-3p,Cphx1,cytoplasmic polyadenylated homeobox 1
Details,839,54,mmu-miR-200a-3p,Cphx2,cytoplasmic polyadenylated homeobox 2
Details,840,54,mmu-miR-200a-3p,Paics,"phosphoribosylaminoimidazole carboxylase, phosphoribosylaminoribosylaminoimidazole, succinocarboxamide synthetase"
Details,841,54,mmu-miR-200a-3p,9030025P20Rik,RIKEN cDNA 9030025P20 gene
Details,842,54,mmu-miR-200a-3p,AF067061,cDNA sequence AF067061
Details,843,54,mmu-miR-200a-3p,Afap1,actin filament associated protein 1
Details,844,54,mmu-miR-200a-3p,Celf1,"CUGBP, Elav-like family member 1"
Details,845,54,mmu-miR-200a-3p,Chd9,chromodomain helicase DNA binding protein 9
Details,846,54,mmu-miR-200a-3p,Pole4,"polymerase (DNA-directed), epsilon 4 (p12 subunit)"
Details,847,53,mmu-miR-200a-3p,Rasgrf2,RAS protein-specific guanine nucleotide-releasing factor 2
Details,848,53,mmu-miR-200a-3p,Mphosph9,M-phase phosphoprotein 9
Details,849,53,mmu-miR-200a-3p,Emilin3,elastin microfibril interfacer 3
Details,850,53,mmu-miR-200a-3p,Tspan33,tetraspanin 33
Details,851,53,mmu-miR-200a-3p,Pip4k2c,"phosphatidylinositol-5-phosphate 4-kinase, type II, gamma"
Details,852,53,mmu-miR-200a-3p,Map3k13,mitogen-activated protein kinase kinase kinase 13
Details,853,53,mmu-miR-200a-3p,Rcor3,REST corepressor 3
Details,854,53,mmu-miR-200a-3p,Csnk1g1,"casein kinase 1, gamma 1"
Details,855,53,mmu-miR-200a-3p,Tram1,translocating chain-associating membrane protein 1
Details,856,53,mmu-miR-200a-3p,Gmfb,"glia maturation factor, beta"
Details,857,53,mmu-miR-200a-3p,Tsc1,tuberous sclerosis 1
Details,858,53,mmu-miR-200a-3p,Zfp36,zinc finger protein 36
Details,859,53,mmu-miR-200a-3p,Trappc8,trafficking protein particle complex 8
Details,860,53,mmu-miR-200a-3p,Prkd1,protein kinase D1
Details,861,53,mmu-miR-200a-3p,Rev3l,"REV3 like, DNA directed polymerase zeta catalytic subunit"
Details,862,53,mmu-miR-200a-3p,Rasa2,RAS p21 protein activator 2
Details,863,53,mmu-miR-200a-3p,Gm21761,"predicted gene, 21761"
Details,864,53,mmu-miR-200a-3p,D8Ertd738e,"DNA segment, Chr 8, ERATO Doi 738, expressed"
Details,865,53,mmu-miR-200a-3p,Dcun1d1,"DCN1, defective in cullin neddylation 1, domain containing 1 (S. cerevisiae)"
Details,866,53,mmu-miR-200a-3p,Slc25a36,"solute carrier family 25, member 36"
Details,867,53,mmu-miR-200a-3p,Rnf24,ring finger protein 24
Details,868,53,mmu-miR-200a-3p,Ncam1,neural cell adhesion molecule 1
Details,869,53,mmu-miR-200a-3p,AF067063,cDNA sequence AF067063
Details,870,53,mmu-miR-200a-3p,B4galt6,"UDP-Gal:betaGlcNAc beta 1,4-galactosyltransferase, polypeptide 6"
Details,871,53,mmu-miR-200a-3p,Podxl,podocalyxin-like
Details,872,53,mmu-miR-200a-3p,Lmo3,LIM domain only 3
Details,873,52,mmu-miR-200a-3p,Tbc1d15,"TBC1 domain family, member 15"
Details,874,52,mmu-miR-200a-3p,Dmrta1,doublesex and mab-3 related transcription factor like family A1
Details,875,52,mmu-miR-200a-3p,Spidr,scaffolding protein involved in DNA repair
Details,876,52,mmu-miR-200a-3p,Zfp423,zinc finger protein 423
Details,877,52,mmu-miR-200a-3p,Ppp1r3g,"protein phosphatase 1, regulatory subunit 3G"
Details,878,52,mmu-miR-200a-3p,Plxnc1,plexin C1
Details,879,52,mmu-miR-200a-3p,Hmgcs1,3-hydroxy-3-methylglutaryl-Coenzyme A synthase 1
Details,880,52,mmu-miR-200a-3p,Zbtb5,zinc finger and BTB domain containing 5
Details,881,52,mmu-miR-200a-3p,Meis2,Meis homeobox 2
Details,882,52,mmu-miR-200a-3p,Slc41a2,"solute carrier family 41, member 2"
Details,883,52,mmu-miR-200a-3p,Srm,spermidine synthase
Details,884,52,mmu-miR-200a-3p,Ttc23,tetratricopeptide repeat domain 23
Details,885,52,mmu-miR-200a-3p,Proser2,proline and serine rich 2
Details,886,52,mmu-miR-200a-3p,Rsbn1,"rosbin, round spermatid basic protein 1"
Details,887,52,mmu-miR-200a-3p,Dpyd,dihydropyrimidine dehydrogenase
Details,888,52,mmu-miR-200a-3p,1110059E24Rik,RIKEN cDNA 1110059E24 gene
Details,889,52,mmu-miR-200a-3p,Irf2bpl,interferon regulatory factor 2 binding protein-like
Details,890,52,mmu-miR-200a-3p,Chic2,cysteine-rich hydrophobic domain 2
Details,891,52,mmu-miR-200a-3p,Zfp871,zinc finger protein 871
Details,892,52,mmu-miR-200a-3p,Specc1l,sperm antigen with calponin homology and coiled-coil domains 1-like
Details,893,52,mmu-miR-200a-3p,Zc3h6,zinc finger CCCH type containing 6
Details,894,52,mmu-miR-200a-3p,Evi5,ecotropic viral integration site 5
Details,895,51,mmu-miR-200a-3p,Cacna1c,"calcium channel, voltage-dependent, L type, alpha 1C subunit"
Details,896,51,mmu-miR-200a-3p,Zfp746,zinc finger protein 746
Details,897,51,mmu-miR-200a-3p,Gabpb2,"GA repeat binding protein, beta 2"
Details,898,51,mmu-miR-200a-3p,Zfp334,zinc finger protein 334
Details,899,51,mmu-miR-200a-3p,Ampd2,adenosine monophosphate deaminase 2
Details,900,51,mmu-miR-200a-3p,Tcp1,t-complex protein 1
Details,901,51,mmu-miR-200a-3p,Nrip3,nuclear receptor interacting protein 3
Details,902,51,mmu-miR-200a-3p,Tra2b,transformer 2 beta
Details,903,51,mmu-miR-200a-3p,Ldb3,LIM domain binding 3
Details,904,51,mmu-miR-200a-3p,Riok1,RIO kinase 1
Details,905,51,mmu-miR-200a-3p,Tll2,tolloid-like 2
Details,906,51,mmu-miR-200a-3p,Rps15a,ribosomal protein S15A
Details,907,51,mmu-miR-200a-3p,Ccng2,cyclin G2
Details,908,51,mmu-miR-200a-3p,Casc4,cancer susceptibility candidate 4
Details,909,51,mmu-miR-200a-3p,Gem,GTP binding protein (gene overexpressed in skeletal muscle)
Details,910,51,mmu-miR-200a-3p,Zdhhc7,"zinc finger, DHHC domain containing 7"
Details,911,51,mmu-miR-200a-3p,Vmn1r56,vomeronasal 1 receptor 56
Details,912,51,mmu-miR-200a-3p,She,src homology 2 domain-containing transforming protein E
Details,913,51,mmu-miR-200a-3p,Tmem200a,transmembrane protein 200A
Details,914,51,mmu-miR-200a-3p,Mpig6b,megakaryocyte and platelet inhibitory receptor G6b
Details,915,51,mmu-miR-200a-3p,Dnmt3b,DNA methyltransferase 3B
Details,916,51,mmu-miR-200a-3p,Foxj3,forkhead box J3
Details,917,51,mmu-miR-200a-3p,Sult1e1,"sulfotransferase family 1E, member 1"
Details,918,51,mmu-miR-200a-3p,Dusp6,dual specificity phosphatase 6
Details,919,51,mmu-miR-200a-3p,Tmem229a,transmembrane protein 229A
Details,920,51,mmu-miR-200a-3p,Fn1,fibronectin 1
Details,921,51,mmu-miR-200a-3p,Ybx1,Y box protein 1
Details,922,51,mmu-miR-200a-3p,Zfp213,zinc finger protein 213
Details,923,51,mmu-miR-200a-3p,Umad1,UMAP1-MVP12 associated (UMA) domain containing 1
Details,924,50,mmu-miR-200a-3p,Zfp280c,zinc finger protein 280C
Details,925,50,mmu-miR-200a-3p,Frmd7,FERM domain containing 7
Details,926,50,mmu-miR-200a-3p,Nsd3,nuclear receptor binding SET domain protein 3
Details,927,50,mmu-miR-200a-3p,Zcchc3,"zinc finger, CCHC domain containing 3"
Details,928,50,mmu-miR-200a-3p,Cep170,centrosomal protein 170
Details,929,50,mmu-miR-200a-3p,4930563E22Rik,RIKEN cDNA 4930563E22 gene
Details,930,50,mmu-miR-200a-3p,Cdk5r1,"cyclin-dependent kinase 5, regulatory subunit 1 (p35)"
Details,931,50,mmu-miR-200a-3p,Entpd5,ectonucleoside triphosphate diphosphohydrolase 5
Details,932,50,mmu-miR-200a-3p,Ube2a,ubiquitin-conjugating enzyme E2A
Details,933,50,mmu-miR-200a-3p,Strbp,spermatid perinuclear RNA binding protein
Details,934,50,mmu-miR-200a-3p,Peak1,pseudopodium-enriched atypical kinase 1
Details,935,50,mmu-miR-200a-3p,Asb6,ankyrin repeat and SOCS box-containing 6
Details,936,50,mmu-miR-200a-3p,Acot11,acyl-CoA thioesterase 11
Details,937,50,mmu-miR-200a-3p,Ttll11,"tubulin tyrosine ligase-like family, member 11"
Details,938,50,mmu-miR-200a-3p,4930523C07Rik,RIKEN cDNA 4930523C07 gene
Details,939,50,mmu-miR-200a-3p,Cdk17,cyclin-dependent kinase 17
